# {"t_start": 1680885014.2928035, "env_id": "MsPacmanNoFrameskip-v4"} 
r,l,t
2730.0,817,5.77933211340.0,1332,13.163929
160.0,298,14.715621
630.0,669,18.127371
210.0,396,20.168798
1280.0,1707,40.427337
980.0,754,106.513794
1320.0,1957,276.645312
880.0,616,331.182351
430.0,594,383.113383
1320.0,1654,530.128446
780.0,878,606.377822
1080.0,787,674.453176
980.0,1166,775.640754
830.0,676,834.017928
1300.0,2370,1044.847801
830.0,1341,1160.911858
730.0,612,1214.46397
630.0,819,1286.246682
1300.0,1294,1399.028519
360.0,521,1445.40113
980.0,1084,1539.663376
1350.0,1576,1676.892223
780.0,517,1721.04081
240.0,363,1751.231045
530.0,578,1800.308501
1130.0,868,1877.265808
510.0,666,1937.397489
1180.0,1206,2041.652425
780.0,1085,2138.970467
1300.0,1751,2290.761862
1080.0,816,2360.936145
1410.0,1863,2523.173827
580.0,668,2580.472825
530.0,449,2620.634997
480.0,645,2675.823426
360.0,500,2719.41951
1410.0,2180,2915.104309
1320.0,990,3000.171307
980.0,1161,3102.674409
260.0,287,3126.601431
360.0,796,3195.382315
430.0,655,3252.930684
1300.0,1611,3394.992567
830.0,574,3445.088563
1440.0,1676,3593.067132
630.0,857,3667.707145
830.0,716,3730.13052
1320.0,1287,3841.090453
380.0,383,3874.014287
360.0,415,3910.38667
680.0,549,3958.284592
410.0,591,4009.287293
680.0,642,4065.736431
1460.0,1316,4182.519647
530.0,615,4234.765427
780.0,710,4296.7562
260.0,464,4337.571397
930.0,383,4371.266694
630.0,771,4437.853601
580.0,549,4485.512447
1370.0,1714,4639.689404
730.0,1207,4747.64695
1390.0,1403,4868.472812
980.0,857,4942.512064
530.0,714,5003.889591
880.0,747,5067.811436
980.0,1946,5238.225917
980.0,894,5317.423949
480.0,640,5375.441593
1420.0,2317,5577.616183
1390.0,2669,5808.741014
930.0,660,5866.237946
280.0,406,5902.886875
980.0,1026,5994.296358
680.0,457,6034.886601
1280.0,2247,6232.346332
380.0,528,6278.155018
580.0,510,6322.950485
730.0,690,6381.647023
510.0,464,6421.483302
580.0,711,6482.57145
730.0,694,6541.4815
530.0,575,6591.480142
330.0,560,6641.436546
630.0,492,6686.050603
1080.0,1486,6815.151775
830.0,1078,6905.509586
260.0,312,6930.573655
1180.0,1121,7023.47999
1280.0,1797,7173.778838
830.0,928,7253.155948
630.0,522,7299.391307
1280.0,1446,7420.349074
930.0,805,7486.948503
930.0,633,7539.606878
1320.0,1936,7700.098427
980.0,1299,7806.705237
1340.0,1474,7930.701309
160.0,305,7954.968765
660.0,505,7994.07071
360.0,552,8037.846012
830.0,724,8094.226268
980.0,1410,8204.894801
460.0,544,8246.78051
330.0,521,8286.992232
560.0,365,8314.704473
680.0,662,8372.605293
1300.0,1945,8526.373196
1030.0,863,8594.882659
280.0,294,8617.160507
830.0,769,8677.646219
1440.0,1497,8795.705604
680.0,666,8847.610193
1390.0,1955,9001.934459
780.0,866,9069.443188
460.0,676,9123.196895
580.0,595,9170.910442
580.0,588,9216.242492
980.0,1447,9331.843654
1080.0,941,9404.745363
530.0,830,9469.669214
430.0,525,9510.404924
1080.0,1060,9593.099356
1370.0,2446,9788.624166
230.0,557,9831.65754
860.0,713,9887.589279
930.0,1097,9974.499292
1300.0,1351,10080.358378
930.0,814,10143.105693
1080.0,1008,10221.593318
1610.0,2567,10424.186819
780.0,877,10491.926033
730.0,783,10551.958587
580.0,815,10614.962993
280.0,456,10649.874834
1300.0,2105,10812.480196
780.0,429,10845.633276
410.0,599,10891.564418
180.0,381,10921.15234
410.0,528,10963.703689
380.0,609,11010.570309
580.0,713,11066.059751
1030.0,1089,11150.780521
1780.0,2021,11321.079478
680.0,970,11396.072332
1460.0,1889,11544.50326
880.0,783,11606.5382
1080.0,1099,11696.823163
1320.0,3036,11949.504559
730.0,811,12011.530859
610.0,763,12071.962353
1300.0,2072,12240.403062
260.0,410,12272.034305
1560.0,2062,12435.117183
160.0,310,12459.005867
1390.0,2250,12636.863959
930.0,1190,12733.147098
1350.0,1167,12826.806669
880.0,570,12880.647351
630.0,609,12937.505796
530.0,584,12992.311964
1080.0,1341,13119.552257
880.0,809,13185.535799
380.0,648,13237.011564
480.0,565,13290.1466
330.0,453,13325.444229
930.0,591,13371.634712
230.0,506,13410.995805
610.0,335,13436.904517
210.0,308,13461.062814
980.0,852,13538.677749
1300.0,2494,13734.164224
160.0,343,13760.202084
1450.0,1066,13843.307609
880.0,945,13917.281828
580.0,750,13975.40793
530.0,724,14031.743097
1390.0,2476,14227.469118
380.0,767,14287.025822
1300.0,2288,14465.603236
460.0,535,14507.852976
1320.0,1831,14651.872872
780.0,609,14699.303802
1980.0,1335,14821.122741
830.0,1149,14910.13082
1180.0,1684,15050.55263
1320.0,1359,15158.593068
1180.0,1497,15275.334403
1080.0,997,15352.365497
1350.0,1871,15498.205282
310.0,502,15537.108651
1080.0,1200,15633.588254
560.0,669,15694.52723
1580.0,2402,15883.538661
1300.0,1894,16031.582472
1420.0,1409,16142.060309
1280.0,1630,16268.737603
930.0,1109,16357.831581
310.0,336,16383.674915
1300.0,2327,16567.14589
830.0,743,16625.416407
1300.0,1534,16744.61086
1320.0,1765,16882.147939
580.0,710,16938.013361
780.0,835,17003.426413
880.0,700,17057.967517
1130.0,1059,17141.495005
480.0,609,17190.832508
780.0,642,17250.248345
430.0,508,17289.263092
630.0,550,17332.193636
410.0,411,17364.099027
530.0,607,17411.391072
530.0,560,17454.909549
1280.0,1641,17586.521367
580.0,850,17651.91106
980.0,859,17717.770419
380.0,293,17739.991935
730.0,536,17780.932545
510.0,466,17816.600922
630.0,837,17881.30912
580.0,540,17922.986521
1560.0,2587,18125.730809
1280.0,1882,18272.338173
160.0,208,18288.035724
1320.0,2150,18456.25376
1350.0,1831,18599.620768
1370.0,1919,18751.087859
1030.0,916,18822.427331
1320.0,1867,18967.507275
380.0,683,19020.106716
1480.0,2279,19197.707408
580.0,341,19223.532968
160.0,213,19239.525903
260.0,326,19264.524055
1180.0,1345,19371.037625
1410.0,1450,19483.962502
1360.0,1667,19613.84133
1410.0,2470,19808.053035
210.0,276,19828.840582
1320.0,1394,19938.136529
980.0,1121,20027.354548
410.0,867,20094.395035
1080.0,1367,20201.786344
1350.0,1438,20313.883247
430.0,527,20354.107507
1080.0,1083,20438.333416
1440.0,3876,20744.930093
780.0,857,20811.770205
1030.0,872,20880.186886
830.0,677,20932.886424
780.0,817,20996.661069
2030.0,2304,21177.622894
110.0,323,21202.046731
1030.0,709,21257.678258
680.0,829,21322.040469
1300.0,1460,21436.110355
530.0,680,21488.607107
510.0,533,21529.539878
110.0,261,21549.191149
1280.0,1813,21690.904983
160.0,374,21719.180865
930.0,1094,21804.518671
1030.0,1050,21886.140696
830.0,666,21938.04738
1300.0,759,21996.976517
630.0,600,22043.438116
980.0,621,22091.695745
580.0,936,22164.821115
180.0,372,22193.183286
1410.0,2178,22364.815901
980.0,770,22424.386957
680.0,754,22483.538036
880.0,591,22529.22757
830.0,509,22568.242728
1280.0,3068,22808.305236
880.0,825,22872.324003
530.0,526,22912.915818
930.0,831,22977.486985
560.0,577,23021.642247
760.0,727,23078.052933
1130.0,728,23135.711236
1350.0,1755,23271.758043
630.0,510,23310.883182
530.0,850,23376.598267
1490.0,2879,23610.685337
1030.0,1471,23728.540246
330.0,485,23765.997595
1730.0,1348,23871.047042
680.0,457,23905.850313
530.0,375,23934.424804
2200.0,3192,24185.611011
780.0,1049,24267.058572
310.0,715,24322.011814
1390.0,2297,24506.013838
680.0,845,24580.135268
880.0,528,24620.754926
330.0,274,24641.213788
1300.0,2030,24799.895365
460.0,593,24845.575627
780.0,587,24890.476031
880.0,1050,24973.101775
210.0,563,25016.728126
1280.0,1772,25154.538579
1080.0,1098,25240.314394
680.0,694,25293.885538
1280.0,1671,25424.184875
560.0,457,25459.324469
1280.0,1885,25610.027686
310.0,342,25636.567151
810.0,1098,25722.045825
280.0,580,25766.441008
880.0,1038,25846.717272
1350.0,1404,25958.297791
1300.0,1747,26094.103927
130.0,338,26119.563278
1710.0,1532,26242.088947
480.0,553,26285.258793
580.0,836,26350.565192
1030.0,1062,26433.068382
1300.0,1746,26568.460064
1370.0,2317,26749.220911
230.0,461,26784.478044
580.0,650,26834.537738
730.0,1070,26920.307719
260.0,267,26940.223025
980.0,852,27006.56691
730.0,873,27074.754662
430.0,631,27123.762422
730.0,647,27173.691754
730.0,772,27232.762879
1300.0,1322,27335.111308
1300.0,1701,27468.898306
380.0,556,27513.148562
730.0,651,27562.96051
1080.0,1146,27652.119129
1080.0,883,27720.747022
260.0,420,27752.586506
1300.0,1938,27904.194998
1320.0,1527,28027.671878
730.0,857,28094.605746
1300.0,1054,28177.6241
1180.0,1430,28289.960879
1280.0,1955,28443.172891
510.0,458,28478.361547
580.0,456,28513.095945
360.0,449,28547.50766
830.0,869,28615.879102
680.0,741,28673.356209
1900.0,2025,28835.343285
410.0,524,28876.022546
480.0,267,28896.768842
1180.0,905,28967.736622
680.0,906,29039.341512
580.0,651,29089.562075
460.0,501,29128.302173
1320.0,1877,29274.535747
410.0,360,29301.539176
480.0,796,29365.196432
1300.0,1636,29493.732801
830.0,740,29551.699761
580.0,820,29616.027094
1390.0,1503,29733.946868
730.0,713,29789.688635
1320.0,1914,29941.117034
1300.0,1697,30075.721005
530.0,727,30132.604409
830.0,647,30183.145072
560.0,605,30230.536147
1340.0,1255,30330.705817
480.0,1096,30416.036651
460.0,383,30445.232725
630.0,749,30504.272185
980.0,1041,30586.567361
1180.0,1454,30700.663814
430.0,542,30742.776822
530.0,574,30787.781454
1390.0,2362,30973.960584
1180.0,1079,31058.512446
680.0,461,31094.161559
730.0,779,31156.874976
1410.0,1655,31286.752461
1370.0,1711,31419.242541
410.0,556,31461.811381
580.0,498,31500.242656
110.0,237,31517.970052
1550.0,1878,31666.442431
430.0,600,31712.989047
480.0,594,31761.763813
1340.0,1891,31910.514564
1320.0,1805,32052.266569
630.0,592,32100.589609
1460.0,1184,32193.307096
180.0,523,32234.075792
560.0,637,32283.493925
1320.0,2878,32512.279632
480.0,675,32564.082928
260.0,528,32604.577116
830.0,804,32667.071009
530.0,853,32733.03528
1180.0,1450,32847.094714
380.0,710,32902.499441
830.0,1134,32992.301308
1180.0,1341,33096.103627
1320.0,2048,33256.107654
730.0,762,33315.575414
580.0,637,33364.508341
330.0,287,33386.574937
510.0,565,33429.525805
210.0,412,33461.058732
1680.0,1810,33601.234509
680.0,724,33657.697927
1280.0,1043,33739.289182
1180.0,1326,33843.571175
1320.0,2908,34071.217419
1320.0,1316,34173.478628
1440.0,1735,34309.356927
1300.0,1981,34464.096586
680.0,561,34507.348185
1410.0,1997,34664.29379
1320.0,2632,34871.325764
630.0,638,34922.734396
1300.0,1367,35030.690969
460.0,355,35057.522383
780.0,1139,35146.653894
830.0,736,35203.953336
1370.0,1729,35338.866816
980.0,644,35388.53337
1280.0,1706,35523.886336
1280.0,1841,35667.664086
730.0,507,35706.583826
1080.0,1112,35803.800419
930.0,1122,35891.34713
330.0,380,35920.398929
1180.0,1318,36024.001143
1480.0,2941,36256.04824
880.0,780,36317.024319
180.0,470,36352.890405
730.0,625,36400.38862
530.0,463,36435.728819
730.0,597,36481.260528
830.0,766,36540.615124
1350.0,1270,36639.428973
530.0,726,36696.580174
1300.0,1606,36821.87199
280.0,317,36845.807635
730.0,847,36911.264425
1320.0,1074,36994.86529
830.0,819,37058.116205
730.0,531,37098.956794
580.0,605,37145.468035
680.0,602,37191.28519
1390.0,1718,37326.916484
1300.0,2218,37499.462866
880.0,1008,37577.832841
1280.0,1227,37673.270566
2350.0,2625,37879.809587
560.0,628,37930.215335
530.0,524,37971.655735
1830.0,2050,38130.584191
630.0,516,38170.108388
430.0,527,38210.696152
180.0,276,38231.621375
1280.0,964,38307.081015
980.0,896,38377.63204
580.0,573,38422.864121
980.0,805,38486.016229
510.0,820,38550.904558
410.0,555,38594.20352
880.0,1100,38680.500743
630.0,635,38735.574617
530.0,546,38785.355993
1660.0,2066,38946.348873
780.0,598,38992.270869
460.0,682,39045.160778
230.0,341,39071.064056
980.0,825,39135.52939
580.0,373,39164.91488
360.0,441,39199.375797
880.0,746,39257.356614
380.0,440,39291.263225
1080.0,1891,39439.650779
1320.0,1252,39537.672346
410.0,321,39562.344424
380.0,626,39611.263779
380.0,570,39655.764691
1320.0,1214,39750.475904
1080.0,1134,39839.743743
580.0,523,39880.276985
780.0,853,39946.746778
980.0,1104,40033.09766
930.0,727,40089.694735
,20737.961959
280.0,592,20784.645733
200.0,583,20830.506969
270.0,499,20869.666153
290.0,496,20908.86469
300.0,553,20952.482463
210.0,520,20993.637944
630.0,909,21065.4792
210.0,396,21096.737992
260.0,512,21136.62934
140.0,379,21166.360694
280.0,547,21209.34192
160.0,426,21242.932296
250.0,451,21278.813585
230.0,466,21315.138587
130.0,376,21344.59398
220.0,492,21383.148503
220.0,406,21415.051002
240.0,448,21449.891505
220.0,515,21489.96504
150.0,435,21524.173575
290.0,594,21570.556028
240.0,398,21601.91838
310.0,514,21642.13954
300.0,449,21676.961326
230.0,486,21715.032727
180.0,531,21756.67154
280.0,495,21795.648924
240.0,450,21830.419485
260.0,477,21867.685548
180.0,427,21901.603602
310.0,497,21940.612475
160.0,464,21977.375869
280.0,453,22012.879861
280.0,541,22055.491151
240.0,478,22093.037114
210.0,542,22135.707087
250.0,484,22173.694459
170.0,447,22208.647459
250.0,477,22246.254102
250.0,453,22281.923625
220.0,516,22322.593116
350.0,574,22368.180682
170.0,414,22400.581798
260.0,625,22449.646872
230.0,489,22488.473586
180.0,408,22520.342129
180.0,415,22552.756194
230.0,492,22591.079324
140.0,391,22621.676862
250.0,538,22663.724277
150.0,379,22693.059681
570.0,680,22746.624188
220.0,500,22785.619797
170.0,485,22823.855239
310.0,552,22866.950751
280.0,539,22909.133976
360.0,534,22951.359262
210.0,508,22991.001255
130.0,440,23025.261334
170.0,409,23057.074747
110.0,355,23085.879143
180.0,497,23125.306921
260.0,475,23162.100867
190.0,396,23192.917946
260.0,575,23237.844433
190.0,474,23274.64389
220.0,541,23316.913936
230.0,486,23354.814692
300.0,539,23396.738862
230.0,522,23437.583247
150.0,408,23469.399186
540.0,798,23532.25473
190.0,426,23572.187685
290.0,445,23608.860921
110.0,401,23640.329221
250.0,467,23677.058043
180.0,514,23719.741645
310.0,524,23761.455569
220.0,450,23796.927901
210.0,478,23834.017106
230.0,518,23874.35616
290.0,466,23910.724669
140.0,423,23943.594041
260.0,468,23980.758311
270.0,615,24029.103607
110.0,406,24061.249899
140.0,447,24096.445596
150.0,409,24128.530642
260.0,542,24170.869986
250.0,544,24213.601457
290.0,561,24257.4296
290.0,443,24291.944107
330.0,576,24338.840363
210.0,457,24376.352969
120.0,537,24418.671915
160.0,474,24455.755696
210.0,453,24491.21429
110.0,355,24519.206253
160.0,402,24557.377643
230.0,470,24595.905216
260.0,539,24638.198623
270.0,541,24680.641686
250.0,590,24726.892478
300.0,523,24767.702507
170.0,484,24805.497277
230.0,421,24838.28345
230.0,445,24872.637311
200.0,416,24905.10913
200.0,407,24937.051973
150.0,452,24973.275488
190.0,457,25009.432077
200.0,430,25043.242957
250.0,514,25082.900968
140.0,492,25121.241313
210.0,480,25159.010844
220.0,492,25197.557809
340.0,628,25246.778438
290.0,555,25290.110422
310.0,530,25331.836867
140.0,358,25359.675442
230.0,532,25401.201318
360.0,544,25444.032724
230.0,484,25482.092131
170.0,461,25518.514168
280.0,628,25568.01875
280.0,450,25605.422168
190.0,453,25641.807033
230.0,398,25672.854981
220.0,458,25708.546374
190.0,561,25752.161806
1720.0,599,25798.523466
160.0,375,25827.935291
160.0,381,25857.942625
280.0,534,25899.240109
230.0,465,25938.144657
450.0,814,26001.252199
280.0,501,26040.478956
320.0,557,26084.033334
350.0,497,26122.873714
230.0,534,26164.662664
250.0,508,26205.061253
270.0,433,26241.418797
260.0,474,26278.683351
230.0,501,26318.301438
390.0,685,26372.353131
290.0,499,26411.255194
180.0,560,26455.033233
190.0,421,26487.419682
220.0,430,26520.995141
270.0,479,26558.055444
200.0,382,26587.775984
670.0,712,26643.325571
320.0,466,26679.925962
130.0,462,26716.00167
160.0,429,26749.766187
370.0,759,26808.745683
270.0,732,26868.405288
290.0,546,26911.534411
350.0,544,26953.735063
310.0,532,26995.59822
350.0,438,27029.950861
120.0,388,27060.696497
620.0,650,27111.661263
150.0,360,27140.125094
140.0,380,27169.538798
270.0,470,27206.125925
130.0,363,27234.084297
220.0,451,27269.127666
210.0,449,27303.742713
260.0,487,27341.982335
320.0,526,27383.471339
250.0,478,27420.915257
290.0,527,27462.32075
160.0,427,27497.691654
180.0,472,27534.191723
140.0,463,27570.53298
240.0,524,27611.532285
230.0,409,27643.291571
350.0,533,27685.237842
210.0,510,27724.850112
100.0,444,27759.830817
220.0,451,27794.832256
310.0,648,27845.861665
250.0,431,27879.194751
130.0,454,27914.988829
250.0,479,27952.268172
190.0,366,27980.806099
280.0,532,28027.053463
170.0,469,28064.126252
250.0,481,28101.830922
170.0,370,28131.333101
150.0,415,28163.942252
240.0,405,28195.867225
200.0,338,28222.280197
300.0,533,28264.267242
250.0,432,28298.542816
160.0,410,28331.278809
300.0,537,28373.739553
250.0,512,28413.763098
180.0,355,28441.338317
220.0,457,28476.935137
200.0,470,28513.26858
190.0,434,28547.659162
270.0,470,28584.825348
220.0,478,28622.367416
360.0,707,28678.043284
330.0,505,28719.564183
230.0,476,28757.487055
170.0,461,28794.148871
190.0,487,28832.700439
200.0,506,28872.588277
250.0,484,28911.293112
290.0,471,28948.739861
210.0,504,28988.697138
190.0,469,29025.920905
150.0,290,29049.039918
170.0,468,29085.384679
330.0,579,29131.187307
290.0,518,29171.736465
230.0,481,29209.164137
120.0,379,29238.414889
320.0,486,29276.255471
230.0,471,29313.475827
290.0,538,29357.036325
270.0,443,29391.899786
760.0,779,29453.366511
160.0,421,29486.399317
260.0,422,29519.745332
260.0,489,29558.618943
180.0,576,29603.908454
230.0,518,29645.159916
270.0,489,29683.437644
130.0,474,29720.551563
370.0,741,29779.180435
160.0,414,29811.904924
220.0,544,29854.957698
410.0,610,29903.373591
250.0,565,29948.662258
200.0,519,29990.003708
250.0,444,30025.031832
260.0,505,30065.14095
250.0,466,30101.790103
150.0,453,30137.943592
210.0,444,30172.976173
240.0,550,30216.763952
240.0,585,30262.97181
200.0,633,30312.805467
1120.0,665,30366.712601
190.0,419,30399.331229
160.0,484,30437.490888
160.0,409,30469.382692
190.0,456,30506.118795
180.0,390,30537.556205
160.0,347,30564.85509
220.0,456,30600.66244
270.0,548,30644.097425
280.0,413,30676.63168
210.0,453,30712.318401
120.0,398,30743.737786
160.0,450,30779.578591
310.0,537,30822.131835
210.0,513,30862.657778
280.0,502,30901.747229
250.0,494,30940.050181
660.0,919,31013.880277
180.0,402,31045.337496
250.0,548,31088.379848
240.0,592,31136.502646
210.0,442,31172.305186
260.0,468,31208.903523
160.0,409,31241.225753
250.0,443,31275.850377
350.0,670,31327.990974
160.0,409,31359.896695
130.0,497,31398.360531
240.0,476,31435.325383
200.0,451,31470.18762
160.0,471,31507.132326
210.0,506,31547.280495
300.0,499,31587.18446
210.0,409,31619.635506
230.0,412,31651.96886
220.0,576,31697.391487
230.0,425,31731.106059
270.0,552,31777.11852
240.0,470,31814.11793
340.0,500,31853.048488
150.0,509,31893.325445
160.0,404,31926.066041
200.0,396,31957.090673
270.0,530,31998.637511
360.0,601,32045.354211
210.0,557,32091.325981
240.0,526,32132.85689
300.0,515,32173.67192
170.0,490,32212.155522
250.0,534,32254.46541
230.0,522,32295.512019
120.0,376,32325.201349
220.0,510,32367.21959
230.0,440,32402.277976
250.0,446,32437.500312
210.0,403,32469.106332
150.0,410,32501.083207
270.0,520,32541.560122
390.0,791,32603.522621
620.0,800,32666.030823
160.0,398,32697.427037
280.0,494,32735.942215
260.0,543,32778.669642
150.0,389,32809.601923
220.0,558,32853.618137
200.0,490,32891.987897
190.0,440,32926.881166
310.0,487,32965.829907
220.0,461,33002.312201
270.0,465,33038.250473
230.0,459,33074.077543
290.0,464,33110.064313
330.0,496,33148.866416
180.0,391,33179.314994
210.0,485,33217.10255
330.0,597,33264.104842
80.0,437,33298.715449
230.0,469,33335.63923
200.0,378,33365.050986
200.0,501,33404.309469
1210.0,788,33465.556222
300.0,589,33511.239365
120.0,414,33543.563884
230.0,518,33583.753923
260.0,529,33624.957916
240.0,414,33657.855156
230.0,574,33702.880645
160.0,511,33743.385001
250.0,556,33787.232138
250.0,515,33827.846681
290.0,464,33864.892585
380.0,541,33907.161536
280.0,432,33940.962904
180.0,413,33973.119838
170.0,468,34009.546428
250.0,533,34050.997858
240.0,489,34089.391805
250.0,531,34130.497064
290.0,494,34169.300449
210.0,433,34203.070815
220.0,474,34240.383896
190.0,444,34275.385467
250.0,440,34309.535941
660.0,779,34370.629499
220.0,471,34407.352598
170.0,495,34446.087505
470.0,633,34495.722794
190.0,386,34526.095696
260.0,528,34567.634102
250.0,486,34605.892479
130.0,487,34644.228783
320.0,603,34691.743626
190.0,435,34726.133499
200.0,523,34767.266301
270.0,496,34806.183064
180.0,350,34833.660783
200.0,384,34863.971071
250.0,514,34906.457113
200.0,456,34942.235474
230.0,518,34983.173683
220.0,500,35022.947414
280.0,632,35072.643131
370.0,547,35115.623182
380.0,569,35160.271998
170.0,515,35200.946419
200.0,517,35241.56879
180.0,389,35271.874313
240.0,556,35315.158043
370.0,548,35357.9788
190.0,433,35392.241081
210.0,445,35427.052172
210.0,501,35467.655889
240.0,479,35505.620661
200.0,340,35532.271298
210.0,502,35571.721691
240.0,530,35613.355376
120.0,366,35641.579857
170.0,534,35683.48655
160.0,503,35725.978857
210.0,500,35772.341135
280.0,496,35811.082598
160.0,370,35840.266964
160.0,398,35871.415769
220.0,492,35910.028176
260.0,506,35950.101444
180.0,474,35987.403252
190.0,479,36025.346517
280.0,485,36063.674495
140.0,374,36093.177919
240.0,424,36126.49609
330.0,558,36170.467351
150.0,434,36204.641657
200.0,497,36243.945271
330.0,516,36284.674057
230.0,441,36319.173439
230.0,535,36360.877296
260.0,485,36398.55032
170.0,547,36440.939744
320.0,510,36480.22659
250.0,624,36529.408409
290.0,553,36572.638586
350.0,589,36618.31495
190.0,501,36657.699956
310.0,527,36700.021873
240.0,528,36741.288133
300.0,582,36786.72681
340.0,529,36828.330705
260.0,566,36872.202687
220.0,481,36909.826785
230.0,455,36945.509326
270.0,462,36981.672802
280.0,480,37019.02701
160.0,372,37048.073132
230.0,453,37083.787687
290.0,494,37122.24727
180.0,475,37159.201238
190.0,492,37197.239189
190.0,416,37229.399504
250.0,516,37269.856827
670.0,720,37327.909035
420.0,662,37379.922953
270.0,532,37421.204071
210.0,473,37457.754746
240.0,507,37497.242954
230.0,520,37538.027713
340.0,575,37582.70899
180.0,460,37618.788597
140.0,384,37648.660356
100.0,341,37675.411195
220.0,473,37712.491103
150.0,502,37751.912754
150.0,393,37782.657444
170.0,529,37824.384497
290.0,552,37868.021333
200.0,476,37905.902426
200.0,451,37943.636435
140.0,348,37971.036566
230.0,497,38009.796658
200.0,472,38046.528617
200.0,488,38084.293384
690.0,695,38138.156035
100.0,451,38173.35468
340.0,548,38215.979828
210.0,493,38255.232203
240.0,474,38292.524856
240.0,486,38331.068497
120.0,342,38358.231523
210.0,479,38396.154119
410.0,716,38453.463746
210.0,521,38494.968477
190.0,384,38525.263195
200.0,392,38556.917136
250.0,455,38592.75195
170.0,448,38627.987474
230.0,496,38667.164001
140.0,446,38702.382422
200.0,476,38747.545867
240.0,478,38790.68188
100.0,313,38814.905765
200.0,440,38848.885047
240.0,482,38886.410414
240.0,484,38924.488502
940.0,862,38992.031628
290.0,449,39027.227252
230.0,482,39064.915545
260.0,509,39105.027847
300.0,581,39151.22898
220.0,418,39185.33447
230.0,578,39230.669117
150.0,367,39259.49371
240.0,501,39298.924963
170.0,489,39337.30756
260.0,490,39375.916636
180.0,406,39407.512203
330.0,512,39447.742022
250.0,520,39488.983318
160.0,388,39519.322351
130.0,438,39553.703837
170.0,523,39595.523
200.0,443,39630.501098
200.0,484,39668.58865
250.0,482,39706.189025
250.0,470,39743.095039
260.0,499,39783.023168
190.0,418,39815.804888
1110.0,838,39881.996903
260.0,490,39920.374149
240.0,526,39962.006454
250.0,478,39999.45352
260.0,525,40040.685954
180.0,532,40082.706376
160.0,414,40114.934449
160.0,421,40148.109151
.348552
520.0,390,33080.353991
740.0,415,33112.756092
720.0,389,33142.997178
920.0,375,33172.303181
620.0,464,33208.294305
240.0,415,33241.161642
980.0,371,33270.349855
680.0,410,33302.597016
980.0,368,33331.40674
820.0,380,33361.079749
700.0,453,33396.571738
480.0,384,33426.577935
840.0,383,33456.151646
680.0,378,33485.585496
300.0,411,33517.492246
480.0,421,33550.21136
640.0,393,33580.687155
940.0,409,33612.364572
880.0,374,33642.011403
1120.0,392,33672.81723
380.0,390,33703.202348
480.0,422,33736.609404
680.0,356,33764.675693
280.0,450,33800.226914
500.0,414,33832.903623
480.0,428,33866.785146
480.0,391,33897.385879
760.0,458,33933.126524
1140.0,416,33965.665193
440.0,415,33998.157455
420.0,302,34021.688584
400.0,426,34054.542386
700.0,415,34087.052439
1260.0,457,34122.640785
640.0,420,34155.554963
680.0,427,34188.923038
820.0,494,34227.540217
540.0,360,34256.019548
760.0,366,34284.424261
340.0,390,34314.998477
360.0,309,34338.922782
220.0,447,34373.776621
920.0,610,34421.514508
820.0,499,34460.694084
640.0,422,34493.731692
740.0,385,34524.054376
680.0,361,34552.515692
680.0,394,34583.356388
820.0,411,34615.720718
420.0,375,34645.329081
420.0,423,34678.638783
600.0,469,34715.417351
920.0,379,34745.443557
640.0,399,34776.710921
1240.0,476,34814.024934
740.0,409,34845.854814
420.0,406,34878.193819
1360.0,407,34912.327809
980.0,500,34951.658896
560.0,418,34984.59812
720.0,371,35014.132134
840.0,422,35047.35472
420.0,435,35081.287829
620.0,400,35112.799898
1040.0,420,35145.546405
620.0,431,35179.709327
920.0,436,35213.934752
480.0,324,35239.177821
980.0,421,35272.221718
780.0,483,35309.747583
580.0,353,35337.401492
900.0,324,35362.652734
720.0,416,35395.359024
500.0,411,35427.760719
760.0,391,35458.160348
660.0,307,35483.954271
520.0,472,35520.910411
740.0,417,35553.464795
500.0,420,35586.61621
660.0,330,35612.47015
520.0,449,35647.448415
1180.0,386,35677.604538
1380.0,382,35707.436673
680.0,380,35742.017927
460.0,410,35779.426148
1020.0,419,35812.237978
600.0,398,35843.752081
480.0,417,35876.472377
500.0,405,35908.04471
580.0,368,35936.700201
700.0,411,35969.520514
520.0,417,36002.365267
480.0,401,36034.011498
480.0,342,36060.94616
480.0,401,36092.834424
660.0,428,36126.373872
1180.0,972,36203.055116
900.0,384,36233.173367
480.0,533,36275.509695
760.0,357,36303.588448
480.0,398,36334.792048
700.0,377,36364.019794
440.0,431,36397.448991
1140.0,585,36442.565018
740.0,413,36474.454572
740.0,308,36498.56694
480.0,425,36531.753051
620.0,452,36567.189313
740.0,409,36599.26285
500.0,363,36627.316217
440.0,411,36659.640978
700.0,338,36685.995392
1160.0,438,36721.300266
420.0,388,36751.499136
840.0,340,36778.100152
860.0,421,36811.02307
420.0,507,36850.654276
500.0,395,36881.230775
620.0,395,36912.137588
480.0,415,36944.335742
720.0,357,36972.236002
680.0,328,36998.127378
620.0,335,37024.11124
1580.0,418,37056.718693
620.0,402,37088.114907
620.0,436,37122.242534
820.0,468,37158.507752
680.0,412,37190.331585
740.0,449,37225.429053
480.0,375,37254.513318
740.0,385,37284.763808
1420.0,420,37318.448863
740.0,459,37355.24876
120.0,340,37381.898655
480.0,407,37413.438597
400.0,436,37446.94416
680.0,400,37478.074364
540.0,416,37510.57439
540.0,402,37541.935919
640.0,406,37573.666739
1140.0,321,37598.406859
440.0,410,37630.585962
620.0,395,37661.585724
1040.0,535,37703.3851
520.0,401,37734.896957
640.0,365,37763.690958
1100.0,442,37798.37233
540.0,380,37827.90225
500.0,411,37860.372746
680.0,413,37893.004505
380.0,397,37925.44633
1660.0,438,37961.288195
680.0,291,37983.989058
880.0,382,38013.724083
620.0,467,38050.073234
360.0,418,38082.426736
640.0,355,38110.149379
940.0,379,38139.374183
480.0,360,38167.480232
700.0,421,38200.237015
680.0,417,38232.883811
540.0,421,38266.270854
820.0,427,38299.98004
740.0,379,38329.749778
1200.0,366,38358.866828
540.0,320,38384.081398
740.0,405,38416.451833
540.0,407,38448.934895
460.0,371,38478.471608
680.0,434,38512.83351
720.0,454,38549.428571
700.0,323,38575.052665
500.0,405,38606.583946
920.0,378,38636.641302
460.0,339,38663.130307
600.0,299,38686.563763
740.0,423,38722.416712
1740.0,376,38758.09814
700.0,383,38792.976863
540.0,400,38823.939286
640.0,502,38862.952923
640.0,352,38890.327073
480.0,423,38923.291036
2420.0,528,38964.855508
640.0,456,39000.296912
560.0,377,39029.957112
740.0,493,39068.797299
540.0,365,39097.158978
420.0,376,39126.635419
900.0,363,39155.847175
1040.0,400,39188.458927
880.0,343,39215.258089
440.0,405,39247.192307
700.0,415,39279.567921
160.0,431,39313.52597
800.0,363,39341.99592
340.0,345,39369.183752
720.0,377,39398.738917
980.0,371,39427.985067
1200.0,481,39465.493859
380.0,411,39498.032894
1280.0,458,39533.864624
940.0,392,39564.754846
720.0,417,39597.816686
740.0,411,39630.399282
960.0,516,39671.348444
440.0,300,39694.742043
800.0,396,39725.353538
940.0,410,39757.716995
620.0,410,39790.856132
740.0,422,39824.052158
940.0,429,39857.607821
420.0,421,39890.639357
300.0,344,39917.499884
1460.0,422,39950.7896
680.0,386,39981.350593
1040.0,365,40010.048818
1160.0,483,40047.753969
500.0,291,40070.678566
1080.0,415,40103.192229
860.0,450,40138.573966
