# {"t_start": 1680721321.5645826, "env_id": "CarnivalNoFrameskip-v4"} 
r,l,t
920.0,426,10.114588
640.0,376,15.259356
1020.0,503,22.504961
1500.0,746,33.691905
780.0,366,39.14902
220.0,390,44.959732
900.0,356,50.389519
920.0,427,57.027484
640.0,410,63.376627
900.0,444,70.15934
920.0,411,76.411543
640.0,333,81.579871
540.0,317,86.464286
940.0,312,91.278669
1060.0,666,175.213748
1060.0,455,182.185191
380.0,366,187.796333
880.0,370,193.481347
600.0,486,200.988174
920.0,292,205.354089
720.0,446,212.279804
560.0,332,217.407791
740.0,374,223.030195
1400.0,717,233.726092
920.0,353,239.018752
1160.0,598,248.011692
860.0,470,255.085804
640.0,390,260.971449
1020.0,389,266.907359
840.0,393,341.393745
720.0,603,350.447897
980.0,638,359.915189
860.0,691,370.069194
920.0,458,376.699759
960.0,366,382.106852
740.0,410,388.175824
420.0,414,394.212454
480.0,364,399.610156
980.0,390,405.335885
420.0,422,411.533129
440.0,411,417.70121
540.0,422,423.99207
660.0,334,429.014047
380.0,420,503.642478
360.0,318,508.158315
360.0,425,514.513859
420.0,418,539.97548
540.0,372,568.33562
880.0,394,599.155498
580.0,386,627.387902
500.0,332,652.791995
820.0,427,685.630236
1140.0,436,719.344961
620.0,335,745.049941
320.0,442,778.327799
1400.0,423,808.007994
1300.0,315,832.468515
1100.0,539,871.877949
1060.0,393,960.977192
680.0,425,990.535885
540.0,352,1014.722439
460.0,377,1043.092608
380.0,407,1073.748342
780.0,452,1104.980851
700.0,417,1133.561024
800.0,438,1162.05093
1120.0,433,1192.900051
900.0,423,1224.815925
900.0,697,1276.998321
440.0,438,1307.39212
1140.0,422,1334.345882
660.0,414,1358.785197
860.0,450,1388.359396
1080.0,387,1474.279312
1180.0,372,1497.56387
620.0,402,1521.357586
420.0,411,1549.825136
460.0,399,1578.428484
500.0,672,1622.646145
880.0,430,1649.88327
900.0,454,1678.839784
880.0,374,1702.0494
1000.0,415,1731.788467
1080.0,310,1754.553694
740.0,395,1783.777912
520.0,390,1810.401188
760.0,383,1836.168865
1160.0,368,1862.56296
820.0,475,1951.492566
1080.0,387,1973.53604
740.0,396,1996.978221
720.0,465,2026.716212
500.0,322,2046.369323
800.0,363,2068.292841
700.0,438,2096.574336
580.0,458,2125.667525
580.0,445,2152.684132
540.0,425,2178.009771
520.0,410,2205.395826
520.0,367,2228.527689
480.0,391,2253.877463
620.0,387,2278.536884
1600.0,478,2311.429032
840.0,512,2399.295863
1480.0,419,2425.927284
940.0,348,2446.812774
1280.0,445,2474.512834
1760.0,604,2513.469887
1800.0,395,2537.133772
500.0,408,2561.000139
900.0,835,2613.539302
960.0,349,2635.876674
840.0,326,2654.605762
1060.0,775,2701.442156
860.0,362,2723.658009
960.0,362,2747.008522
680.0,445,2844.469747
1160.0,850,2901.911292
740.0,437,2929.645228
740.0,434,2955.953435
420.0,404,2979.039845
540.0,411,3010.64727
1000.0,437,3039.593698
740.0,423,3065.620315
1040.0,419,3090.844113
1060.0,777,3138.715731
680.0,312,3157.758613
820.0,448,3188.17325
1500.0,451,3217.005919
920.0,415,3293.2888
1480.0,379,3318.972535
1120.0,429,3349.468676
1220.0,530,3386.572514
340.0,440,3416.818545
380.0,390,3443.329844
1020.0,379,3466.94338
640.0,400,3492.50155
460.0,405,3516.793547
620.0,392,3539.596005
760.0,430,3564.729401
500.0,410,3591.039792
340.0,406,3617.975797
700.0,432,3642.503139
2240.0,319,3660.833791
540.0,402,3682.570816
420.0,411,3765.348512
680.0,426,3790.333828
900.0,405,3815.638288
420.0,407,3843.644125
1040.0,395,3872.920251
560.0,402,3902.992594
780.0,443,3936.370166
960.0,411,3964.770002
560.0,383,3987.429851
980.0,365,4009.654039
800.0,479,4037.98158
1100.0,476,4067.608894
580.0,326,4088.873691
760.0,422,4113.589637
680.0,371,4135.784662
2020.0,455,4196.801535
680.0,360,4217.996621
960.0,386,4242.967715
600.0,358,4266.001051
580.0,378,4289.189441
460.0,312,4307.449448
420.0,426,4332.891731
480.0,375,4356.844341
520.0,453,4387.000817
940.0,359,4412.940799
760.0,369,4441.220972
560.0,308,4464.552246
480.0,346,4488.035913
1200.0,400,4511.467806
640.0,372,4535.332092
1120.0,387,4558.269072
980.0,459,4585.886589
660.0,415,4672.368126
740.0,416,4697.332287
980.0,977,4758.237763
580.0,391,4783.400781
1100.0,321,4803.851096
1180.0,442,4830.062919
360.0,413,4853.816709
700.0,395,4878.071269
740.0,425,4908.971853
360.0,341,4933.319467
420.0,414,4960.721275
1440.0,359,4985.012278
1000.0,446,5017.885943
680.0,378,5041.029461
260.0,390,5103.333112
400.0,390,5126.568664
580.0,419,5152.812212
700.0,417,5183.612113
840.0,429,5210.900713
860.0,479,5239.397946
640.0,415,5266.808958
900.0,452,5298.528318
1620.0,443,5330.19354
900.0,917,5386.766263
880.0,373,5410.819487
600.0,526,5443.407978
940.0,389,5470.05205
880.0,371,5496.366987
760.0,446,5562.799544
1000.0,417,5591.337213
1060.0,424,5616.201293
1840.0,925,5670.55958
540.0,537,5702.61056
1180.0,354,5723.695031
880.0,470,5751.785186
880.0,454,5778.667331
1080.0,402,5801.970035
320.0,382,5824.942051
880.0,405,5847.881056
880.0,355,5871.941899
1860.0,376,5900.584094
580.0,361,5922.334579
560.0,413,5990.500748
720.0,409,6020.40792
540.0,384,6049.190244
480.0,375,6077.041576
640.0,462,6109.214741
620.0,312,6126.95513
920.0,464,6155.661223
720.0,446,6181.77519
240.0,542,6215.692052
940.0,447,6241.924069
960.0,395,6263.246327
540.0,402,6285.816211
1000.0,446,6312.888985
780.0,527,6341.94475
360.0,623,6428.944243
840.0,434,6456.816434
800.0,339,6477.561327
1120.0,896,6533.39344
840.0,424,6560.163184
540.0,425,6586.592966
1060.0,432,6615.418077
540.0,430,6641.673924
1040.0,360,6663.286562
500.0,355,6683.848251
980.0,448,6710.727555
860.0,422,6737.27681
900.0,415,6762.899033
620.0,445,6789.882552
760.0,367,6840.372404
1740.0,437,6867.056131
640.0,523,6897.488359
520.0,379,6920.027442
820.0,498,6949.495951
1060.0,432,6975.63862
380.0,319,6995.295253
600.0,408,7020.601247
1080.0,362,7043.759228
980.0,356,7065.07124
1040.0,328,7085.489598
940.0,474,7114.497144
480.0,411,7138.944938
940.0,444,7165.162499
740.0,428,7190.404844
840.0,415,7243.549159
840.0,519,7276.015295
540.0,412,7303.801327
720.0,445,7330.860934
740.0,380,7355.755276
500.0,346,7378.292715
1040.0,402,7401.952048
740.0,370,7425.111249
880.0,593,7461.948929
1400.0,505,7492.727821
600.0,518,7525.793648
1620.0,437,7553.055743
540.0,392,7576.610995
740.0,488,7605.077597
820.0,458,7661.206756
780.0,358,7682.081267
500.0,415,7708.973595
760.0,522,7742.548262
940.0,366,7764.573668
620.0,429,7790.536344
480.0,352,7812.54687
740.0,423,7837.80127
1160.0,814,7886.113583
940.0,370,7909.534499
740.0,404,7933.999579
740.0,465,7961.306182
980.0,412,7987.285232
540.0,368,8015.586758
620.0,337,8037.744537
680.0,406,8093.865138
1120.0,486,8124.15452
740.0,412,8150.692881
740.0,411,8174.808675
700.0,439,8200.507779
840.0,483,8228.296471
680.0,424,8252.849425
1100.0,319,8271.425463
680.0,425,8297.330738
540.0,390,8321.825603
700.0,417,8350.990416
500.0,411,8378.295023
680.0,419,8407.636778
140.0,428,8438.296752
880.0,384,8460.96668
1740.0,412,8513.188113
520.0,434,8541.158664
1120.0,361,8562.536022
600.0,430,8589.621828
640.0,440,8614.65407
720.0,358,8636.546125
480.0,399,8658.608369
1640.0,442,8689.483343
1080.0,461,8724.441134
840.0,430,8756.323817
200.0,636,8797.794134
1200.0,442,8825.942056
720.0,439,8851.766641
1960.0,435,8876.952042
940.0,449,8942.556597
2040.0,461,8976.939935
1640.0,404,9006.908661
1540.0,417,9032.951023
1120.0,462,9060.144533
720.0,521,9090.567364
740.0,402,9116.576017
1340.0,422,9144.978701
1140.0,439,9170.415806
1300.0,464,9200.797936
2140.0,402,9227.335524
2740.0,416,9252.713206
2480.0,439,9279.821065
1260.0,407,9307.454716
1540.0,439,9332.999106
1540.0,365,9383.531937
3300.0,405,9409.136034
3280.0,433,9440.287438
2400.0,403,9471.426573
3640.0,374,9499.434292
1820.0,390,9525.818693
3620.0,668,9573.60677
2680.0,364,9597.287337
3190.0,354,9619.19265
3140.0,393,9642.147102
2860.0,423,9669.669708
680.0,404,9694.714138
3540.0,397,9720.827425
3590.0,403,9746.336941
3590.0,331,9766.320795
3060.0,344,9819.590187
2900.0,414,9846.208498
5140.0,366,9870.19243
2790.0,422,9898.663707
2820.0,417,9924.143241
3460.0,396,9949.317248
2900.0,434,9977.923132
3440.0,249,9994.079434
540.0,426,10025.71832
2480.0,426,10056.9259
2880.0,575,10099.566095
880.0,423,10130.176096
2000.0,522,10167.276663
2160.0,418,10198.114584
1740.0,411,10229.51381
540.0,451,10285.746445
740.0,356,10308.592973
1040.0,414,10332.735742
2140.0,383,10356.6676
2680.0,340,10375.39373
2680.0,424,10403.294838
3320.0,409,10427.8803
2800.0,327,10448.301981
2920.0,409,10472.335857
2690.0,367,10494.453039
820.0,343,10514.32159
2920.0,403,10538.759102
4590.0,248,10556.386624
2620.0,412,10584.61543
2080.0,426,10611.327734
1480.0,273,10629.361286
3990.0,238,10646.666954
2680.0,417,10702.435457
2290.0,374,10723.741818
2140.0,345,10743.621692
2740.0,363,10764.693296
4240.0,330,10784.782567
3140.0,299,10802.863383
3560.0,444,10832.488048
3720.0,803,10887.059943
1680.0,456,10919.194917
3040.0,376,10947.200924
2440.0,430,10975.658582
2520.0,426,11001.805678
1840.0,354,11024.1393
860.0,433,11049.028766
3180.0,425,11074.507217
2300.0,460,11130.703309
3740.0,296,11150.650534
480.0,299,11172.308672
4240.0,380,11198.127096
4040.0,327,11221.838928
3340.0,421,11249.885839
3280.0,306,11266.672796
3700.0,486,11296.476204
540.0,291,11312.231572
4090.0,229,11325.19715
4370.0,484,11353.553092
4140.0,292,11371.06012
2140.0,377,11393.495252
2220.0,640,11430.733072
3460.0,420,11454.984836
2820.0,513,11485.669933
2740.0,432,11527.358141
3740.0,419,11554.341741
2990.0,289,11573.825492
2100.0,527,11606.688612
3440.0,326,11628.440544
4840.0,422,11661.139614
3220.0,361,11688.491525
3480.0,509,11724.848943
2120.0,418,11753.151901
2740.0,417,11784.528042
3340.0,281,11802.067034
940.0,345,11825.036354
3840.0,346,11847.434766
1540.0,419,11873.44943
3520.0,483,11904.069703
2740.0,420,11929.17177
900.0,432,11982.058402
2540.0,321,12002.626683
4200.0,489,12031.678131
4160.0,475,12056.91837
3380.0,360,12079.505564
3390.0,401,12103.567917
2200.0,430,12130.035176
3840.0,381,12151.235129
2080.0,418,12173.508767
4080.0,432,12196.977877
3540.0,326,12214.390113
4090.0,222,12230.602739
3300.0,317,12254.26388
3190.0,311,12277.212887
4340.0,415,12303.775948
3990.0,455,12329.32282
3540.0,380,12370.938577
2890.0,371,12391.11426
2680.0,369,12410.471854
2820.0,353,12429.214164
3040.0,379,12449.135156
2040.0,417,12471.15362
3440.0,640,12505.079588
1540.0,381,12525.035233
1340.0,373,12545.191278
2700.0,446,12568.058871
2300.0,435,12590.640023
3280.0,452,12614.074076
2680.0,355,12632.451997
4140.0,331,12649.290148
960.0,339,12667.827575
1860.0,422,12691.202199
3040.0,313,12727.254827
3640.0,403,12749.248581
3040.0,379,12769.09628
4040.0,230,12781.011004
3990.0,242,12793.60419
3540.0,223,12805.182096
3090.0,296,12820.70445
3280.0,534,12848.880306
4120.0,416,12870.571705
3440.0,247,12883.616679
3740.0,398,12904.769524
3690.0,315,12921.186411
3990.0,236,12933.604895
3390.0,251,12946.795435
4140.0,240,12959.181414
3780.0,465,12983.841376
3160.0,460,13008.649893
4240.0,309,13024.366587
880.0,429,13046.12016
2790.0,375,13083.880382
2940.0,570,13113.084375
2890.0,359,13131.655767
2240.0,419,13154.190392
2260.0,500,13182.790246
3590.0,310,13200.597493
3740.0,466,13226.11714
4940.0,297,13241.82261
3840.0,362,13261.001648
2680.0,433,13284.095199
2680.0,423,13307.53205
2800.0,411,13329.202954
1900.0,371,13348.524889
3880.0,426,13371.037217
3640.0,333,13388.552825
740.0,383,13428.092242
4240.0,279,13442.855386
3040.0,455,13466.877983
3640.0,305,13482.740257
3540.0,316,13499.372962
3820.0,804,13540.926216
3840.0,380,13561.412718
4440.0,472,13587.805732
3540.0,222,13603.833797
2940.0,593,13640.208523
3140.0,465,13664.961818
2840.0,528,13692.810746
3190.0,424,13715.304355
2690.0,374,13735.203255
3420.0,468,13759.966884
740.0,434,13804.060659
3590.0,302,13819.833332
4190.0,321,13837.428476
2080.0,506,13864.108727
3840.0,377,13883.908456
2080.0,391,13904.497782
3560.0,518,13931.728517
4780.0,413,13953.444616
4280.0,477,13978.544936
2900.0,631,14011.87898
3540.0,329,14029.088719
3600.0,642,14062.87746
2780.0,362,14081.892097
3990.0,359,14100.981996
3640.0,302,14116.828871
3740.0,807,14183.037083
3040.0,319,14199.846624
3400.0,361,14218.965963
4540.0,243,14232.585633
2140.0,358,14251.322703
3940.0,242,14263.884524
4040.0,375,14283.29404
4390.0,301,14298.860219
4840.0,375,14318.04425
3240.0,434,14340.591344
3890.0,254,14353.596241
4290.0,293,14368.61842
3240.0,368,14387.801111
3140.0,305,14403.431504
2080.0,477,14427.988514
3910.0,293,14443.013122
3460.0,649,14500.78246
3990.0,242,14513.978611
5190.0,240,14527.919914
2240.0,596,14560.624076
2520.0,437,14584.684148
3440.0,416,14606.735643
2200.0,439,14629.833843
3940.0,245,14643.889063
3540.0,380,14663.823596
2580.0,461,14687.778183
2860.0,698,14724.651578
3440.0,241,14736.682324
3280.0,436,14758.875415
2540.0,470,14782.924803
3620.0,691,14818.168778
4000.0,427,14860.512451
3940.0,257,14874.621788
2940.0,332,14894.985652
4640.0,241,14909.028946
4740.0,210,14919.934941
3490.0,227,14931.523392
2740.0,397,14952.124331
5140.0,253,14965.491543
3490.0,328,14982.280676
2640.0,436,15005.0538
2760.0,399,15026.012059
3480.0,535,15053.892046
2990.0,315,15070.405246
4410.0,284,15085.252926
3940.0,243,15097.842021
3640.0,324,15114.89943
5740.0,506,15141.800918
3400.0,395,15162.983045
3980.0,796,15227.833597
4310.0,301,15244.228677
3220.0,480,15269.272932
4590.0,239,15282.601591
4590.0,230,15294.55927
3490.0,301,15310.454763
3340.0,239,15323.108481
3840.0,433,15346.233417
4490.0,249,15359.257611
3340.0,367,15378.579049
3290.0,323,15396.737361
3460.0,634,15431.250789
4360.0,287,15446.40288
4690.0,235,15458.595984
3340.0,420,15480.846934
4890.0,320,15497.765257
3640.0,315,15514.477077
3490.0,374,15534.60538
3090.0,310,15571.541401
3560.0,552,15600.713377
4790.0,318,15617.350703
680.0,396,15638.362056
3490.0,226,15650.25137
4540.0,362,15669.287028
4540.0,251,15682.4963
3390.0,376,15702.318145
4190.0,321,15718.989753
3990.0,379,15739.202187
2220.0,584,15770.483705
3740.0,435,15795.288667
3780.0,382,15815.48245
4610.0,244,15827.813969
4240.0,206,15838.32456
4120.0,403,15858.892228
3540.0,316,15875.055057
4690.0,240,15887.360206
2200.0,432,15924.718409
3940.0,257,15937.859305
3780.0,435,15959.956526
4640.0,249,15973.462551
4190.0,215,15984.242064
3210.0,296,15999.316384
2880.0,462,16022.879045
4540.0,243,16036.300395
4590.0,258,16049.628439
3660.0,857,16094.082894
3180.0,473,16119.31603
3620.0,555,16151.603259
3780.0,605,16183.400849
2960.0,415,16204.893026
3060.0,628,16262.057735
4540.0,243,16274.927138
2360.0,431,16297.501233
3140.0,369,16316.645396
3810.0,293,16331.796671
4590.0,244,16344.656548
3490.0,226,16356.244623
5090.0,243,16368.939643
3440.0,386,16388.854047
4190.0,203,16399.674863
3230.0,293,16415.039456
5290.0,237,16427.409265
2810.0,377,16447.202483
2460.0,480,16472.125226
3480.0,584,16502.917814
2820.0,414,16524.609216
4340.0,307,16540.6352
3540.0,328,16557.738437
4690.0,227,16569.543943
2680.0,434,16613.059159
2400.0,441,16636.537559
3770.0,387,16656.861695
4940.0,312,16673.256103
4360.0,382,16693.364252
3140.0,307,16709.807893
4760.0,222,16721.822598
4690.0,231,16734.56576
3040.0,602,16768.086141
3690.0,307,16787.026081
3340.0,399,16809.366591
3440.0,656,16844.329792
4840.0,202,16854.842538
3700.0,627,16887.728478
2800.0,556,16916.65569
4140.0,218,16928.166894
3460.0,513,16971.237811
4140.0,216,16983.12384
3440.0,251,16996.353693
4240.0,376,17016.088072
3580.0,490,17044.067889
2320.0,414,17066.550627
5240.0,230,17079.061985
4840.0,212,17090.163485
4640.0,229,17101.958557
4740.0,239,17116.017173
4410.0,291,17132.160243
4240.0,204,17144.563905
4640.0,250,17157.924267
4570.0,596,17189.098123
3480.0,507,17215.689672
4790.0,307,17231.704832
5010.0,294,17247.296782
4410.0,284,17261.978565
4010.0,544,17290.558361
2540.0,523,17334.218252
4140.0,226,17346.144298
4090.0,240,17360.355738
2980.0,547,17392.832349
3590.0,453,17422.24418
4840.0,202,17434.639565
2260.0,503,17461.893534
3340.0,472,17486.779033
4160.0,574,17516.878408
4920.0,391,17537.290784
4390.0,303,17553.076746
3120.0,405,17574.160564
4840.0,208,17585.157448
3590.0,315,17601.525118
4690.0,236,17613.932807
3310.0,296,17630.209597
4640.0,244,17642.898609
4090.0,232,17655.011146
3040.0,313,17692.126752
3140.0,784,17733.530631
3400.0,846,17778.233267
2640.0,509,17805.513125
3110.0,295,17821.198279
4690.0,231,17833.106552
5340.0,228,17845.267835
5290.0,236,17857.527627
4540.0,253,17870.962731
5440.0,210,17881.968429
3140.0,638,17915.737239
3540.0,225,17927.506042
4210.0,378,17949.559079
4960.0,309,17965.768409
4090.0,225,17977.468995
2920.0,624,18011.342184
4590.0,248,18042.955961
640.0,455,18068.835091
2240.0,423,18092.521983
4790.0,223,18104.113056
3440.0,247,18116.75894
3040.0,339,18134.144657
3990.0,240,18146.577665
4360.0,291,18161.597331
4990.0,306,18177.190145
4590.0,242,18189.711744
4790.0,213,18200.870653
4790.0,213,18211.798615
3600.0,436,18234.410898
4040.0,235,18246.339364
3590.0,319,18262.994626
5140.0,241,18275.153186
3140.0,473,18299.752997
5340.0,206,18310.137599
4790.0,211,18321.025902
3940.0,243,18333.514837
2900.0,615,18390.543274
2680.0,712,18428.744111
4790.0,207,18439.662445
3760.0,292,18455.212174
4040.0,238,18467.926537
3490.0,246,18481.146804
4240.0,287,18496.36231
3640.0,399,18517.545524
4090.0,228,18530.46176
5190.0,242,18544.75048
4540.0,237,18558.075644
4140.0,230,18570.010174
3390.0,249,18583.375466
4090.0,231,18596.670403
3340.0,246,18609.843457
5940.0,211,18621.774042
4790.0,211,18632.793403
3540.0,603,18664.633567
4360.0,293,18680.420164
4410.0,294,18696.380845
1900.0,556,18727.510178
2640.0,624,18780.967947
4840.0,203,18791.587994
3900.0,649,18826.631726
3990.0,244,18840.696527
4640.0,243,18854.656993
3440.0,255,18868.215915
4890.0,198,18879.517231
3290.0,254,18894.594163
4190.0,214,18906.497189
4840.0,202,18917.051904
3990.0,244,18929.85909
4540.0,239,18944.080136
2590.0,422,18966.54495
4090.0,231,18979.396307
4490.0,386,18999.819096
4190.0,208,19010.824246
4540.0,245,19023.800124
3490.0,243,19037.055867
4640.0,238,19049.5011
5190.0,240,19062.200088
4790.0,212,19073.395841
3340.0,456,19114.096556
3520.0,553,19143.127136
2840.0,387,19163.571912
4240.0,314,19179.881281
3780.0,475,19206.250148
4840.0,202,19217.381496
4690.0,245,19230.146299
5240.0,219,19241.645926
5540.0,300,19256.966375
4500.0,387,19277.222219
4440.0,392,19297.522817
4790.0,212,19308.503292
4640.0,229,19320.638532
2760.0,449,19344.939502
3940.0,412,19371.478973
4790.0,213,19382.591365
4470.0,389,19403.019387
1300.0,480,19429.166217
3490.0,221,19441.806558
4740.0,217,19466.286177
2140.0,399,19487.893681
4690.0,241,19501.143614
3160.0,913,19548.810116
4790.0,213,19559.924502
2760.0,466,19584.959108
4640.0,237,19597.558107
4790.0,213,19608.858793
3590.0,226,19620.884424
820.0,476,19646.123908
980.0,498,19672.824114
4840.0,201,19683.322083
3600.0,734,19722.462863
4740.0,232,19734.766896
4790.0,207,19745.77491
4190.0,215,19757.010427
3640.0,216,19768.444685
4790.0,213,19779.51744
3540.0,230,19791.895411
4890.0,198,19815.17112
4190.0,211,19826.505537
4740.0,216,19838.160585
4090.0,240,19851.291375
3440.0,235,19863.835206
4790.0,213,19874.741898
2280.0,480,19899.576652
3690.0,266,19913.311764
3060.0,630,19946.673711
4740.0,216,19958.375142
3800.0,901,20007.617953
4540.0,239,20020.291699
1040.0,432,20043.464422
5340.0,238,20056.065591
4410.0,294,20071.913857
4490.0,392,20092.808524
4740.0,217,20104.408506
3540.0,222,20116.226914
4840.0,202,20126.988568
5240.0,245,20140.067435
4790.0,215,20168.584278
4040.0,250,20182.000423
4140.0,230,20194.11989
4740.0,223,20205.998303
3640.0,214,20217.538778
5340.0,220,20229.093551
3790.0,308,20245.704767
4360.0,293,20261.264032
4790.0,213,20272.522455
4140.0,224,20284.311387
3140.0,305,20300.645526
3590.0,249,20313.889024
3600.0,634,20347.910846
4780.0,480,20372.802105
3240.0,307,20388.819834
4410.0,291,20403.995679
4410.0,295,20419.563213
4790.0,233,20431.595411
1960.0,455,20455.713729
3540.0,236,20467.995532
3590.0,209,20479.154152
4790.0,211,20490.303346
2960.0,340,20529.452249
3700.0,692,20566.44053
4890.0,201,20578.414133
4840.0,201,20591.801118
4790.0,211,20607.321581
5240.0,240,20624.621851
4790.0,211,20637.547146
3490.0,243,20652.088361
4840.0,204,20664.458751
4740.0,230,20676.343004
3540.0,290,20692.227373
1420.0,421,20714.03992
4090.0,238,20726.315536
3440.0,238,20738.488147
5790.0,254,20752.005725
4890.0,198,20762.600603
4690.0,233,20774.431932
5390.0,220,20786.312796
5340.0,216,20797.778878
3020.0,513,20823.967125
3540.0,232,20835.840064
4110.0,226,20847.414395
4840.0,204,20857.966194
4740.0,231,20884.32222
3490.0,240,20897.739626
4840.0,202,20908.329067
5340.0,212,20919.424285
4140.0,226,20931.281058
4690.0,233,20943.421333
4490.0,243,20956.199138
4690.0,226,20968.122251
5190.0,256,20981.618829
3990.0,241,20994.288742
2390.0,376,21013.902442
4790.0,213,21025.252822
4190.0,225,21036.8931
3760.0,297,21052.447927
4640.0,237,21065.908978
5210.0,244,21078.942369
4790.0,211,21089.823639
3560.0,338,21110.080302
4620.0,958,21161.583797
4140.0,223,21173.264752
4490.0,433,21196.236253
5340.0,218,21207.77339
4040.0,240,21237.358842
4740.0,224,21249.552145
3740.0,303,21265.926694
4740.0,224,21277.760367
4790.0,215,21289.291459
4690.0,231,21301.395777
1160.0,517,21329.055942
4840.0,211,21340.365113
4890.0,198,21350.864028
4190.0,216,21362.372927
3100.0,412,21384.516247
1820.0,414,21407.191645
4360.0,302,21422.900083
4790.0,213,21433.826299
5240.0,230,21445.598374
4140.0,244,21458.29459
4740.0,245,21471.241822
5290.0,229,21483.106087
4590.0,244,21495.582303
3260.0,294,21511.37117
3440.0,249,21524.790276
3390.0,246,21538.266783
4890.0,202,21548.582647
4790.0,213,21559.342998
4850.0,663,21609.536215
5290.0,234,21621.875812
740.0,444,21645.136277
4690.0,239,21657.540708
3680.0,616,21690.79001
3390.0,262,21706.351486
4690.0,242,21719.021696
4640.0,235,21731.655191
4840.0,204,21742.483403
5010.0,295,21758.170863
4640.0,239,21770.579798
3490.0,250,21783.766012
780.0,339,21801.41954
3540.0,520,21829.237911
4890.0,198,21839.377412
4840.0,201,21849.756882
4840.0,204,21860.100922
4840.0,206,21870.90486
3810.0,292,21886.495301
4140.0,228,21898.442742
5070.0,403,21937.445179
840.0,473,21962.721819
5240.0,253,21976.704022
3340.0,245,21989.456965
5340.0,222,22001.23833
3990.0,247,22014.129917
3360.0,400,22035.041893
4890.0,202,22045.524329
5240.0,225,22057.301957
3540.0,218,22068.519862
4090.0,233,22080.562837
4790.0,213,22092.240305
2860.0,626,22127.149052
4890.0,203,22139.422818
5290.0,233,22153.543034
5240.0,245,22167.017962
4790.0,221,22179.035359
4360.0,300,22194.541845
3590.0,206,22205.270884
5340.0,206,22215.993311
4140.0,220,22227.481718
4740.0,229,22239.239458
4190.0,210,22250.192436
4080.0,479,22293.778588
5440.0,208,22304.789948
4590.0,245,22317.86912
4690.0,246,22330.984301
4690.0,225,22342.681737
5020.0,345,22361.125606
4140.0,225,22372.893885
4690.0,232,22386.270671
4500.0,392,22408.411739
4740.0,234,22420.589087
3590.0,210,22431.17876
4790.0,218,22442.802977
4190.0,245,22455.248539
3840.0,344,22473.084279
4840.0,212,22483.902073
3940.0,257,22497.074001
3490.0,224,22508.464465
4590.0,259,22522.003945
4840.0,224,22534.246736
4840.0,212,22546.137656
4790.0,211,22557.652101
3540.0,210,22568.839789
3540.0,212,22580.110284
3240.0,947,22645.987775
2980.0,675,22681.837189
2740.0,369,22701.229287
3440.0,247,22714.309963
3340.0,250,22727.629697
5390.0,222,22739.24676
3590.0,223,22750.911165
4840.0,211,22762.133909
3640.0,207,22773.005401
4840.0,204,22783.477123
3540.0,223,22794.950228
4740.0,224,22806.726998
3640.0,216,22817.883639
4090.0,230,22829.702137
4790.0,217,22840.892491
4740.0,232,22852.92255
4840.0,206,22863.623306
3440.0,250,22876.688401
4740.0,226,22888.184453
4640.0,253,22901.539392
5340.0,208,22912.346383
1140.0,377,22932.00297
4790.0,211,22942.996842
4840.0,204,22953.468282
4690.0,229,22980.174741
580.0,418,23003.300725
4790.0,211,23014.235163
4040.0,242,23027.821724
5290.0,223,23041.420304
2260.0,565,23074.293739
3940.0,259,23088.09451
5390.0,230,23100.064539
4740.0,224,23112.021015
2940.0,512,23139.19886
3580.0,456,23166.441114
4590.0,242,23180.70668
4840.0,212,23193.221026
4790.0,205,23204.931596
3940.0,254,23220.047091
4790.0,215,23231.611509
4740.0,241,23245.094103
2990.0,380,23267.642288
3440.0,241,23281.574775
4790.0,207,23293.971442
4890.0,198,23304.663725
4840.0,206,23315.447232
1060.0,855,23374.604504
3540.0,212,23385.870388
3690.0,198,23396.375939
4890.0,205,23407.389838
4790.0,216,23418.739586
4040.0,224,23430.797567
4390.0,305,23447.59771
4140.0,224,23460.631822
4790.0,211,23471.544545
3640.0,202,23481.854226
3990.0,235,23493.802418
3590.0,210,23504.71656
4740.0,216,23515.848514
4790.0,221,23526.988106
1920.0,455,23550.616796
4240.0,210,23561.490188
4270.0,442,23584.254291
3640.0,210,23594.877975
4190.0,220,23606.2867
4840.0,211,23617.167688
4790.0,211,23627.829061
4360.0,798,23669.090683
4840.0,216,23693.03296
4790.0,215,23704.984088
4840.0,212,23716.036135
3690.0,202,23726.480409
3690.0,198,23737.353775
4790.0,213,23748.194932
4740.0,216,23759.296577
4790.0,215,23770.383596
2300.0,589,23800.938937
3590.0,214,23813.244488
4790.0,230,23825.220459
3540.0,240,23837.966715
3270.0,375,23859.337118
3340.0,576,23889.727465
5390.0,217,23901.014436
4690.0,245,23913.909323
860.0,478,23939.093882
3590.0,219,23950.545889
4740.0,242,23963.177775
4240.0,210,23974.300131
4840.0,218,23985.617688
4240.0,213,23996.632766
5290.0,235,24009.052912
5390.0,228,24035.754829
2840.0,442,24060.40802
880.0,422,24084.283768
5190.0,258,24097.644397
4690.0,249,24110.882729
4140.0,220,24123.069103
4840.0,214,24136.058056
4740.0,224,24148.930596
2740.0,470,24174.384758
5120.0,393,24196.860172
3910.0,296,24213.903027
3640.0,201,24224.808993
3540.0,236,24237.227287
3690.0,198,24247.968516
3540.0,214,24259.343298
4840.0,207,24270.433452
5940.0,218,24282.081716
3690.0,304,24298.51632
4510.0,298,24314.473446
4590.0,250,24327.734978
4790.0,215,24339.321321
4740.0,224,24351.186807
2900.0,481,24377.176113
4840.0,216,24401.845001
3590.0,209,24413.933234
4140.0,226,24425.76303
4790.0,231,24439.031414
5240.0,245,24452.053471
1840.0,509,24478.67262
3640.0,202,24489.06023
3640.0,200,24499.473105
4790.0,227,24511.197014
3040.0,414,24532.699108
4840.0,216,24544.900757
3340.0,251,24559.55494
4240.0,289,24576.858403
5340.0,222,24589.085383
3690.0,198,24599.350705
3540.0,223,24610.941209
3690.0,202,24621.453793
3910.0,296,24638.506055
4240.0,213,24650.114812
3810.0,298,24666.085963
3590.0,221,24677.538476
940.0,395,24698.596117
4790.0,225,24710.580186
5990.0,235,24722.988558
3740.0,307,24753.095181
4190.0,218,24764.679102
2820.0,573,24795.235837
4840.0,214,24806.421817
1500.0,465,24830.852732
4140.0,219,24842.25592
2420.0,560,24871.947442
3640.0,212,24883.089842
3640.0,201,24893.472626
4090.0,237,24905.84893
2900.0,478,24931.24869
3690.0,203,24941.829575
3690.0,201,24952.400539
5440.0,210,24963.32681
4740.0,217,24975.992862
3690.0,198,24986.833328
4040.0,247,24999.66938
3490.0,259,25013.364672
4100.0,599,25044.493278
4840.0,212,25055.502697
4510.0,296,25070.983727
4790.0,225,25099.236629
3690.0,198,25111.595169
4790.0,225,25125.246841
3640.0,200,25136.073436
5390.0,217,25147.471604
3910.0,307,25163.763862
4190.0,221,25175.396464
4890.0,205,25185.980283
3640.0,216,25197.337616
4240.0,214,25208.726433
3990.0,256,25222.050803
4790.0,215,25233.431539
5240.0,233,25245.635864
3360.0,445,25269.207013
3540.0,234,25281.445575
3690.0,202,25292.05159
4790.0,217,25303.48045
3690.0,214,25314.871438
4840.0,216,25326.009361
4790.0,221,25337.64293
4240.0,224,25349.336043
4790.0,215,25360.331708
3690.0,202,25370.784237
3590.0,211,25381.736286
5660.0,292,25396.869222
5890.0,231,25408.885529
3640.0,214,25419.801071
3740.0,312,25448.434165
3490.0,235,25460.997837
4790.0,213,25472.521892
3590.0,209,25484.391561
4840.0,208,25495.467186
4290.0,224,25507.103199
4790.0,211,25518.147062
4140.0,222,25529.826324
4790.0,219,25541.176449
2140.0,401,25562.32182
4240.0,211,25573.452661
4840.0,212,25584.58306
3640.0,204,25595.107884
4240.0,212,25606.1875
4190.0,235,25618.499941
4440.0,323,25635.434019
4240.0,218,25646.782172
3590.0,213,25657.844667
1360.0,495,25683.819224
3640.0,212,25694.887894
4090.0,248,25708.136412
4790.0,217,25720.801015
4240.0,212,25732.691523
4240.0,211,25743.951793
3690.0,206,25754.925996
4840.0,217,25766.503304
4740.0,217,25790.719417
3640.0,203,25803.09843
4790.0,211,25814.919518
1720.0,552,25844.647376
4240.0,211,25856.729775
4790.0,213,25868.042899
4790.0,217,25879.564505
4740.0,226,25892.979537
4790.0,211,25905.108272
3610.0,300,25923.057393
4790.0,217,25935.935877
3640.0,226,25949.417054
4390.0,313,25966.354739
3690.0,202,25976.814813
4790.0,213,25987.830184
3640.0,210,25998.950398
4190.0,222,26010.498263
4790.0,223,26021.787077
5240.0,247,26035.908733
3640.0,202,26046.637447
4400.0,412,26068.561025
5340.0,251,26081.894702
3690.0,198,26092.282132
4790.0,215,26103.731189
4640.0,239,26116.348258
4340.0,310,26132.870596
3690.0,198,26157.179141
3590.0,213,26168.643543
4790.0,213,26180.69563
2280.0,430,26203.88182
4740.0,219,26215.490448
3640.0,212,26227.73626
3480.0,497,26254.280858
4040.0,249,26267.685298
4840.0,212,26278.921124
1740.0,460,26303.281611
4790.0,230,26315.601262
4040.0,245,26328.544658
1140.0,653,26364.696674
4790.0,221,26377.403543
5340.0,230,26390.04505
3640.0,204,26401.228732
3690.0,202,26412.085284
3590.0,209,26424.091833
3690.0,198,26434.85934
4090.0,239,26447.152801
4790.0,215,26458.326167
5290.0,245,26471.05202
5340.0,220,26482.273296
4890.0,201,26509.962748
4840.0,212,26522.576116
4840.0,208,26533.952068
4140.0,224,26545.998643
3690.0,201,26556.09999
3690.0,198,26566.419441
4790.0,215,26577.286297
3590.0,215,26588.36757
4740.0,216,26599.450899
3940.0,249,26612.990876
3640.0,214,26624.002135
3640.0,206,26634.780314
3640.0,216,26646.753659
3690.0,198,26657.16751
3560.0,700,26693.944577
3760.0,635,26726.368656
3690.0,202,26737.668654
4140.0,220,26749.234828
4790.0,211,26760.441912
4790.0,217,26771.907775
4840.0,212,26782.997737
3390.0,244,26795.56033
3590.0,210,26806.587235
4840.0,212,26817.63083
3640.0,208,26829.098011
3640.0,206,26851.814114
4040.0,237,26864.745146
4290.0,309,26880.615501
1780.0,484,26905.928551
3540.0,228,26917.829731
4090.0,235,26929.873662
3390.0,244,26942.717129
3590.0,215,26953.766741
1500.0,335,26971.389183
4790.0,211,26982.454099
2560.0,869,27028.216857
3390.0,244,27042.682424
3080.0,612,27081.456401
4790.0,213,27092.969498
3000.0,569,27122.878094
3690.0,198,27133.165608
3640.0,218,27144.690814
3910.0,293,27159.99804
3590.0,209,27170.799235
4840.0,212,27181.816838
4090.0,223,27204.558306
4090.0,238,27217.210783
3640.0,212,27228.275867
4840.0,218,27239.686033
4840.0,202,27250.318046
3590.0,210,27261.184744
4560.0,297,27276.69226
3590.0,213,27287.998386
4740.0,227,27299.914179
3690.0,198,27310.182368
3980.0,699,27346.78338
3940.0,444,27370.073704
2480.0,497,27396.578113
4140.0,235,27408.666223
4840.0,212,27419.867654
5390.0,219,27431.579966
1420.0,367,27450.989994
3340.0,245,27463.906749
4790.0,222,27475.631117
4090.0,232,27487.908615
3690.0,201,27498.60004
3640.0,212,27509.724616
4790.0,221,27521.457802
4740.0,232,27545.551293
3690.0,204,27556.945295
4790.0,213,27568.183318
4790.0,217,27580.738444
3690.0,198,27591.410639
3690.0,198,27601.833534
3690.0,198,27612.292339
3590.0,219,27623.805724
4090.0,244,27636.932818
4790.0,216,27648.413605
4190.0,222,27660.174815
4790.0,213,27671.445487
5440.0,213,27682.753663
4840.0,214,27694.746092
4300.0,483,27724.991402
3960.0,296,27742.022513
4190.0,224,27755.648428
3640.0,219,27767.808931
3540.0,511,27795.040065
4790.0,213,27806.285225
4790.0,217,27817.62286
4890.0,202,27828.268048
3540.0,580,27859.848494
4240.0,211,27871.802569
4790.0,217,27884.47163
4840.0,214,27907.7402
4840.0,208,27919.364811
4790.0,215,27931.170169
4890.0,205,27941.881131
3540.0,220,27953.621011
4470.0,387,27974.193144
3590.0,208,27985.169282
4890.0,203,27996.491404
4840.0,212,28008.560334
4490.0,337,28027.135643
5140.0,311,28043.450748
3540.0,228,28056.123235
3590.0,215,28068.559917
4790.0,213,28080.470549
4790.0,214,28091.988899
3690.0,198,28103.528548
4790.0,224,28115.652923
3590.0,206,28126.729954
3690.0,198,28137.750825
4740.0,216,28149.100342
3690.0,201,28159.677754
3740.0,201,28170.243722
4790.0,217,28181.631594
3390.0,240,28194.051069
4790.0,217,28205.402334
4890.0,203,28216.052301
4840.0,214,28227.45933
3740.0,313,28255.790878
3690.0,202,28266.459418
3690.0,201,28278.084125
4790.0,215,28290.842327
4790.0,217,28302.358057
4140.0,226,28314.410234
3590.0,221,28326.154792
3640.0,204,28336.884333
4740.0,216,28348.955195
5340.0,222,28361.257459
4040.0,243,28375.115445
3590.0,215,28387.307627
4790.0,211,28398.533678
3590.0,206,28409.310049
1840.0,502,28435.559409
2840.0,528,28465.821882
4140.0,222,28481.617
3690.0,202,28493.548903
3640.0,204,28505.58726
4790.0,215,28516.823394
3620.0,693,28553.239631
4840.0,216,28565.313642
3640.0,202,28575.762052
4790.0,217,28586.953507
4790.0,217,28598.187829
4840.0,212,28623.413177
3690.0,202,28635.04128
4140.0,626,28668.249392
3440.0,452,28692.2088
4740.0,216,28703.506365
3540.0,214,28714.909618
4080.0,566,28745.577514
4840.0,216,28756.700595
4840.0,214,28768.077295
4790.0,217,28779.454979
2790.0,440,28802.392596
4840.0,210,28813.511031
3860.0,292,28829.312392
5390.0,223,28842.46713
4790.0,215,28855.411798
3850.0,491,28882.644797
4840.0,212,28893.716569
3590.0,217,28905.069181
3690.0,202,28916.303837
3590.0,211,28928.354407
3640.0,213,28939.790462
3590.0,213,28951.008677
3690.0,202,28974.276598
3640.0,219,28987.530047
4790.0,217,29000.715798
3640.0,212,29012.674681
4340.0,312,29030.52071
3340.0,310,29048.232885
3640.0,204,29059.02028
3540.0,227,29071.06476
3690.0,202,29081.776467
3640.0,206,29092.756079
3690.0,197,29103.231644
3440.0,257,29116.776489
4790.0,217,29128.26572
3590.0,211,29139.45311
4040.0,242,29152.251306
3640.0,219,29163.780444
4640.0,241,29176.606499
4240.0,212,29187.832775
3690.0,202,29198.483184
4090.0,230,29210.726205
4040.0,244,29223.431508
3640.0,216,29234.582103
3640.0,206,29245.23602
4190.0,220,29256.465423
4790.0,213,29267.450131
4790.0,218,29278.894573
3690.0,198,29289.042522
4790.0,218,29300.262468
4790.0,213,29323.07224
3690.0,198,29333.478959
4790.0,215,29344.911333
4790.0,215,29356.412121
3540.0,224,29368.23084
4840.0,214,29379.477539
3590.0,232,29391.784031
3640.0,216,29403.255676
3590.0,213,29414.461307
4140.0,222,29426.19091
3540.0,214,29437.650157
4790.0,215,29448.884605
3690.0,202,29459.522839
2480.0,429,29482.248584
3640.0,202,29492.873811
3640.0,204,29503.596019
4040.0,261,29517.550003
2260.0,497,29543.917674
4240.0,211,29555.45489
4840.0,214,29568.382498
4840.0,212,29581.115493
3640.0,206,29593.559543
4840.0,212,29606.295472
4790.0,223,29619.612647
4790.0,211,29631.787353
3640.0,202,29642.452839
4140.0,226,29654.391311
4240.0,212,29680.380614
5340.0,238,29693.569998
4790.0,223,29707.428728
4740.0,215,29719.045265
4400.0,410,29740.38618
2140.0,427,29762.612436
4840.0,226,29774.358469
4640.0,239,29786.978232
3440.0,230,29799.201977
3590.0,213,29811.724108
3640.0,202,29823.723861
4040.0,247,29837.395998
3690.0,198,29847.810734
3640.0,204,29858.289517
4840.0,214,29869.364681
4790.0,215,29880.674873
3690.0,202,29891.203437
3690.0,198,29901.436205
4050.0,765,29941.677411
3640.0,204,29952.207595
3590.0,213,29963.242965
2470.0,660,29997.909356
2140.0,415,30032.4526
3540.0,210,30044.873876
5490.0,208,30057.222685
940.0,428,30080.23884
4240.0,209,30091.080199
4790.0,221,30102.792522
4740.0,216,30114.201108
3740.0,199,30124.586008
3590.0,216,30135.909762
3590.0,213,30147.04842
3640.0,213,30158.155697
3690.0,201,30168.701573
4140.0,233,30180.911539
4790.0,217,30192.338812
4790.0,211,30203.441194
4790.0,217,30216.091718
4740.0,216,30228.610152
3690.0,201,30239.345274
3640.0,218,30250.81978
3690.0,198,30261.246694
4140.0,230,30273.506304
4640.0,234,30285.710633
3490.0,224,30297.456597
4790.0,217,30308.949224
2340.0,689,30350.154468
4740.0,230,30367.333749
4740.0,228,30398.559584
940.0,419,30421.164323
3590.0,206,30432.234314
3590.0,213,30444.229269
4790.0,215,30455.357476
4240.0,227,30466.996349
4160.0,525,30493.879112
3690.0,198,30504.014461
4240.0,212,30514.893101
3640.0,206,30525.553016
4240.0,212,30536.452846
4190.0,214,30547.53701
4690.0,241,30559.740129
3640.0,204,30570.396487
3640.0,204,30580.802445
4790.0,221,30592.290807
3690.0,198,30602.420818
4740.0,216,30613.579715
3590.0,212,30625.369744
4790.0,221,30637.026732
3690.0,202,30647.669974
4790.0,215,30658.829373
4140.0,235,30671.330461
2780.0,426,30694.417729
4740.0,230,30706.126543
4240.0,211,30717.06297
4790.0,213,30740.980063
3640.0,216,30754.052603
4840.0,211,30766.561514
3590.0,217,30778.119459
4840.0,216,30789.619781
2360.0,430,30812.973656
4840.0,221,30824.842726
3640.0,206,30836.052376
4790.0,213,30846.917845
5340.0,230,30858.805294
4790.0,217,30869.887054
3540.0,210,30880.778559
3640.0,207,30891.289288
3640.0,209,30902.054371
3640.0,220,30913.088363
4790.0,223,30924.578754
3590.0,214,30935.513858
5440.0,214,30947.200078
4840.0,214,30959.238421
4140.0,222,30971.04584
4240.0,211,30982.223388
3690.0,201,30992.5768
4790.0,217,31004.968247
4090.0,234,31019.558887
3640.0,210,31032.405495
4240.0,212,31045.519547
3540.0,226,31059.484559
3690.0,201,31071.972897
4240.0,212,31100.162276
3690.0,202,31112.827879
3590.0,215,31124.271161
4840.0,218,31135.776592
3690.0,198,31146.167433
5340.0,220,31157.828132
4090.0,235,31170.447596
3640.0,216,31183.09043
3640.0,206,31194.177004
4840.0,212,31205.576217
4140.0,222,31217.422345
3640.0,202,31228.240535
3640.0,204,31239.364562
3690.0,202,31251.212608
5390.0,215,31262.558323
4090.0,233,31274.734541
3640.0,204,31285.296179
3640.0,206,31296.091721
3740.0,199,31306.486678
4740.0,225,31317.949483
4790.0,223,31329.302748
2860.0,500,31355.222293
4790.0,221,31366.646154
3640.0,202,31377.093824
5390.0,217,31388.262684
4090.0,235,31400.18517
3690.0,202,31411.378069
3590.0,221,31422.930698
4840.0,214,31447.159934
3690.0,202,31459.40208
4840.0,216,31470.853611
4290.0,209,31482.24954
4090.0,233,31494.687516
4740.0,254,31508.23657
4090.0,233,31521.055305
5290.0,235,31534.504569
3690.0,202,31544.893663
3960.0,295,31560.368919
3690.0,201,31570.802898
4840.0,216,31581.842821
3590.0,209,31593.152728
4090.0,240,31606.587598
940.0,385,31627.341157
5340.0,234,31640.577366
4790.0,205,31652.967347
5390.0,218,31665.403979
3690.0,201,31676.014683
3640.0,218,31688.996598
3690.0,203,31700.442562
3590.0,213,31711.976251
3690.0,201,31722.417189
700.0,394,31743.580526
3490.0,219,31755.394704
4790.0,213,31768.825435
3640.0,216,31782.479113
3690.0,202,31808.773293
4190.0,220,31824.996573
4240.0,211,31840.901563
4840.0,212,31854.203065
3640.0,214,31866.488892
3640.0,204,31879.167357
2080.0,438,31909.318756
3540.0,225,31923.618794
4240.0,212,31945.528956
3640.0,216,31968.337747
3640.0,211,31990.700829
3690.0,198,32011.485172
4140.0,242,32034.432316
3640.0,211,32053.421832
3540.0,241,32075.396327
5340.0,232,32095.553931
4790.0,215,32117.061022
4240.0,212,32139.277235
3640.0,204,32161.008435
4090.0,241,32186.307779
3690.0,198,32206.116009
3640.0,203,32224.763491
3540.0,244,32247.124404
4790.0,213,32266.590094
3640.0,204,32286.944425
4840.0,214,32309.760614
3690.0,210,32332.329172
4790.0,221,32356.088238
4840.0,212,32402.251196
3690.0,198,32420.480875
4790.0,215,32440.016497
4140.0,222,32461.385159
3360.0,353,32499.447013
4520.0,389,32540.924748
3590.0,222,32561.861926
4790.0,217,32581.958273
4790.0,221,32602.62241
4140.0,226,32623.835269
4790.0,217,32647.014843
3690.0,201,32667.915619
3590.0,217,32691.51439
4240.0,211,32714.482537
4240.0,212,32733.790119
3640.0,204,32752.617579
1120.0,355,32790.106607
4840.0,212,32813.002045
4190.0,214,32836.685341
3690.0,202,32856.527418
3690.0,198,32874.334323
4790.0,216,32893.765706
4190.0,256,32916.941948
4140.0,225,32940.999357
3640.0,212,32964.07191
4790.0,215,32987.42654
3640.0,225,33011.513946
5290.0,235,33033.503415
540.0,566,33109.151141
5340.0,222,33133.337322
4740.0,226,33157.351361
3640.0,218,33181.130987
4790.0,217,33200.88365
4790.0,225,33221.08372
3590.0,213,33240.70285
3640.0,214,33261.831634
4240.0,211,33284.394856
4190.0,233,33309.491421
3690.0,202,33331.21436
4240.0,211,33352.300382
3690.0,202,33371.00704
3690.0,202,33389.705252
3640.0,216,33409.582935
4240.0,212,33429.531402
3690.0,198,33451.391918
3690.0,198,33472.738188
4240.0,211,33495.70952
3990.0,243,33521.738543
2990.0,382,33556.712543
3740.0,198,33574.748912
4190.0,220,33594.862247
4840.0,216,33616.790156
3590.0,215,33640.361412
3640.0,214,33663.000346
3690.0,201,33684.603789
4090.0,233,33726.844204
3640.0,206,33745.891256
3540.0,234,33770.295892
5440.0,216,33793.241238
3640.0,216,33816.361829
3690.0,202,33837.865292
4840.0,227,33859.792912
3540.0,225,33880.644212
2380.0,705,33950.230496
3690.0,201,33971.81687
3690.0,202,33993.337458
4140.0,230,34017.969547
4740.0,216,34037.470154
4790.0,213,34056.887549
4840.0,212,34076.368382
3240.0,310,34107.766926
4240.0,212,34130.520429
5440.0,214,34153.654693
4090.0,231,34178.653217
4240.0,211,34197.418269
4790.0,214,34217.272918
3590.0,225,34240.952989
4840.0,216,34264.649252
3640.0,202,34286.734937
4840.0,212,34309.92517
3590.0,223,34329.866358
3690.0,202,34369.09048
4450.0,510,34424.54335
4790.0,217,34447.983574
3640.0,202,34466.838326
3380.0,809,34546.897557
3690.0,204,34569.338355
3690.0,198,34591.03033
3540.0,233,34613.320635
3690.0,202,34631.972783
3690.0,202,34652.283328
4790.0,217,34675.970022
4240.0,211,34699.444072
4790.0,215,34723.550903
3690.0,204,34743.584156
5440.0,218,34763.779006
4790.0,215,34783.72921
3690.0,202,34804.427656
480.0,366,34844.245762
4840.0,212,34867.174275
3690.0,202,34887.977744
4840.0,214,34907.599267
4190.0,231,34929.078414
3640.0,214,34950.909455
3640.0,204,34973.247554
4840.0,214,34996.418154
4140.0,232,35039.043474
3640.0,214,35058.446258
3640.0,204,35077.809123
4240.0,210,35097.22665
3640.0,217,35117.43687
3640.0,214,35139.442108
3690.0,204,35161.981076
3740.0,400,35205.449782
4840.0,212,35226.270972
3740.0,199,35244.245599
4290.0,200,35262.895126
4240.0,212,35282.721503
3640.0,212,35305.048574
4690.0,245,35331.015652
4790.0,217,35354.40619
3690.0,198,35375.151597
2780.0,580,35428.88129
4790.0,215,35448.942126
4840.0,216,35472.423105
4790.0,225,35496.939577
4840.0,216,35520.694783
3690.0,202,35542.212622
3690.0,202,35561.117414
3640.0,215,35581.441122
4790.0,215,35601.898107
4240.0,209,35624.644251
2980.0,361,35683.324352
4190.0,217,35703.278235
3640.0,206,35721.774333
1780.0,420,35764.673208
3640.0,202,35786.363937
3640.0,204,35808.150774
4790.0,213,35829.969675
4790.0,213,35849.901196
4140.0,230,35870.862545
3690.0,198,35889.340535
3690.0,198,35911.183752
3640.0,214,35934.571965
4240.0,212,35958.121304
3690.0,198,35979.507199
4190.0,220,36000.314364
3690.0,202,36018.943683
4240.0,209,36038.103463
880.0,472,36084.467688
3640.0,202,36106.750532
1480.0,596,36169.00623
4790.0,217,36188.916451
4840.0,212,36208.355753
4790.0,217,36231.524507
3640.0,204,36253.561619
3690.0,198,36275.622526
3590.0,221,36299.491576
4840.0,212,36338.798636
3690.0,202,36357.535392
1140.0,432,36400.419961
3540.0,232,36425.763943
4790.0,225,36450.53364
4790.0,217,36473.723716
4790.0,215,36493.5591
3690.0,198,36511.61254
5440.0,211,36531.192311
5440.0,211,36552.27426
4740.0,224,36577.03563
3240.0,377,36618.596591
4840.0,218,36640.08799
3640.0,212,36659.972707
4240.0,211,36679.693633
4560.0,299,36711.418855
4840.0,222,36735.853286
3640.0,206,36758.458216
3640.0,208,36779.801972
4240.0,209,36799.357476
5390.0,217,36819.266583
4240.0,209,36839.362538
3690.0,198,36860.92057
4140.0,248,36887.728776
3690.0,198,36909.51388
3690.0,198,36929.262394
4740.0,223,36950.12524
3690.0,202,36968.449488
5440.0,211,37010.22145
4240.0,209,37032.961
3690.0,202,37054.893176
4740.0,222,37078.798985
4490.0,313,37107.90784
4740.0,226,37128.744252
4840.0,212,37148.553329
3640.0,420,37188.252726
4240.0,209,37209.767838
4740.0,222,37233.977816
4840.0,206,37256.714129
4340.0,280,37287.574733
4340.0,311,37315.79603
4740.0,226,37336.66524
3640.0,206,37356.156209
3640.0,214,37378.633785
4790.0,217,37402.39934
3690.0,201,37424.432302
4690.0,225,37449.259945
4240.0,212,37468.554471
4840.0,214,37488.590133
4240.0,212,37508.335654
4790.0,215,37528.644353
3690.0,198,37550.187652
4840.0,214,37573.731344
3690.0,203,37597.042886
3690.0,202,37619.631066
3690.0,202,37658.124374
3690.0,198,37676.214132
3690.0,198,37694.417388
3690.0,204,37714.08811
3690.0,202,37735.931707
2320.0,554,37796.821334
5490.0,210,37815.702157
1340.0,477,37859.991121
4840.0,206,37878.809748
3320.0,570,37939.851547
5390.0,223,37964.104183
4840.0,212,37984.365808
4790.0,215,38004.57943
4100.0,497,38051.053243
4840.0,212,38071.394251
4790.0,212,38094.346756
3640.0,203,38116.226506
1340.0,356,38155.131051
3690.0,198,38173.704937
3690.0,202,38192.406051
3640.0,216,38212.549039
3690.0,202,38231.126298
3690.0,198,38252.154345
4140.0,230,38276.66426
2300.0,548,38350.435463
4790.0,217,38370.695943
3690.0,201,38389.180734
3690.0,198,38408.407429
3640.0,218,38432.608043
3640.0,216,38456.718626
4790.0,213,38480.025067
4240.0,209,38501.267184
3640.0,214,38521.184276
3690.0,202,38539.737198
4090.0,255,38563.099838
3690.0,204,38582.370249
4790.0,215,38604.560325
4790.0,217,38627.943733
3690.0,202,38649.810306
4690.0,245,38676.33038
4840.0,213,38695.928481
2900.0,434,38736.087203
3690.0,203,38755.299569
3640.0,212,38775.02365
4790.0,215,38796.223257
4740.0,221,38820.338816
3690.0,202,38842.294119
3640.0,213,38865.792714
3690.0,204,38886.312464
3690.0,198,38904.454676
3640.0,206,38923.73257
4840.0,205,38961.865814
4240.0,211,38983.324761
4240.0,211,39007.069782
4840.0,212,39030.227571
3690.0,202,39052.390918
2800.0,609,39110.377619
3540.0,227,39131.676348
5340.0,226,39152.762281
4790.0,217,39173.255632
4240.0,210,39196.424911
3690.0,201,39218.42402
1740.0,408,39263.277268
3640.0,206,39282.577005
3690.0,202,39301.81317
4840.0,212,39321.484404
4790.0,226,39342.626712
4840.0,210,39362.457617
3640.0,214,39383.578552
3640.0,202,39405.556284
3640.0,218,39429.453074
4790.0,215,39453.249717
4840.0,218,39474.841091
4740.0,258,39498.431306
4790.0,217,39518.283631
3690.0,202,39536.756191
3690.0,198,39557.44343
3640.0,204,39579.79106
3690.0,198,39620.822356
4140.0,244,39645.023817
3590.0,221,39664.817911
1140.0,392,39700.917006
3690.0,198,39719.510056
3590.0,216,39741.067826
4790.0,216,39764.878922
3690.0,202,39786.927183
3690.0,203,39808.583225
2880.0,484,39855.725047
4790.0,215,39875.011428
4790.0,226,39896.102582
3640.0,213,39915.712052
3690.0,198,39937.588401
3690.0,201,39958.919724
3690.0,202,39980.963575
4790.0,210,40003.778224
4840.0,214,40023.493915
3740.0,198,40042.268387
3740.0,198,40060.771836
3590.0,228,40082.212611
3690.0,202,40102.131203
3690.0,198,40123.868564
4140.0,231,40149.397085
3640.0,212,40172.497889
3640.0,209,40193.588765
4790.0,218,40214.06567
2440.0,455,40279.468635
3720.0,498,40334.481902
3690.0,203,40356.109057
4790.0,219,40376.301841
3690.0,204,40395.080503
4240.0,210,40414.711171
3640.0,225,40435.595716
3690.0,201,40454.280194
3590.0,222,40478.800465
3690.0,203,40501.714271
3740.0,200,40523.308156
3690.0,202,40543.766443
3690.0,198,40562.038467
4840.0,216,40582.184735
3690.0,204,40601.422383
3690.0,198,40619.978511
3690.0,202,40638.936543
4240.0,213,40660.829379
3690.0,202,40682.733026
3740.0,198,40704.095775
4240.0,209,40727.265377
3640.0,204,40747.688804
3690.0,207,40767.167552
3640.0,208,40786.5751
4040.0,255,40810.665121
3690.0,202,40829.330353
3690.0,204,40848.702502
3540.0,227,40873.384683
3690.0,201,40917.324091
3690.0,202,40938.112348
4240.0,214,40958.080873
3690.0,199,40976.925122
3740.0,198,40995.429804
4740.0,230,41016.948466
4890.0,202,41036.750998
3490.0,241,41062.759211
3690.0,202,41084.894669
3640.0,205,41107.537272
3690.0,202,41127.465653
4240.0,211,41146.968096
3690.0,204,41165.462646
3690.0,207,41184.550343
2020.0,445,41227.518513
3690.0,202,41249.774014
3740.0,198,41271.323049
3590.0,226,41295.926344
3690.0,198,41315.499913
3690.0,201,41334.083791
4240.0,213,41353.457811
3540.0,239,41375.386472
3640.0,204,41394.437763
1660.0,413,41439.560252
3640.0,205,41461.846239
3690.0,202,41483.897125
3590.0,219,41503.946559
3640.0,203,41522.368889
